Staff Cost, Travel Cost, CO2, Total Cost, Car Use (%), Staff
2188.333333333333,287.1183915221063,915.0,2475.4517248554394,0.9629629629629629,27
