Staff Cost, Travel Cost, CO2, Total Cost, Car Use (%), Staff
3305.333333333333,306.8000000000001,405.2758940056456,3612.133333333333,0.0,26
