Staff Cost, Travel Cost, CO2, Total Cost, Car Use (%), Staff
3210.0,247.8000000000001,355.9926462899403,3457.8,0.0,21
