Staff Cost, Travel Cost, CO2, Total Cost, Car Use (%), Staff
3871.6666666666665,354.00000000000017,454.2377287553528,4225.666666666667,0.0,30
