Staff Cost, Travel Cost, CO2, Total Cost, Car Use (%), Staff
3015.6666666666665,224.20000000000007,389.6761177993854,3239.866666666667,0.0,19
3026.6666666666665,236.00000000000009,389.6761177993854,3262.6666666666665,0.0,20
3012.0,224.20000000000007,389.6761177993854,3236.2000000000003,0.0,19
