Staff Cost, Travel Cost, CO2, Total Cost, Car Use (%), Staff
1743.0,269.53382805776016,793.0,2012.5338280577603,1.0,18
