Staff Cost, Travel Cost, CO2, Total Cost, Car Use (%), Staff
3328.333333333333,295.0000000000001,443.2111215300157,3623.333333333333,0.0,25
3192.0,301.7007442099771,436.80947164991807,3493.700744209977,0.038461538461538464,26
3204.6666666666665,289.90074420997706,435.5807699661729,3494.5674108766434,0.04,25
3190.6666666666665,325.3007442099771,441.92385694722265,3515.9674108766435,0.03571428571428571,28
3150.6666666666665,313.5007442099771,437.94226214325255,3464.1674108766438,0.037037037037037035,27
3228.6666666666665,337.1007442099771,442.3696518671216,3565.7674108766437,0.034482758620689655,29
