Staff Cost, Travel Cost, CO2, Total Cost, Car Use (%), Staff
1427.0,106.19999999999999,158.0721165132979,1533.2,0.0,9
