Staff Cost, Travel Cost, CO2, Total Cost, Car Use (%), Staff
952.0,132.9763640830783,438.0,1084.9763640830784,1.0,13
952.0,133.01798865373632,438.0,1085.0179886537362,1.0,13
