Staff Cost, Travel Cost, CO2, Total Cost, Car Use (%), Staff
815.3333333333333,77.2448390422901,266.0,892.5781723756234,1.0,5
815.3333333333333,77.27438367909009,266.0,892.6077170124233,1.0,5
815.3333333333333,77.2069824374901,266.0,892.5403157708233,1.0,5
815.3333333333333,77.20321447163208,266.0,892.5365478049654,1.0,5
815.3333333333333,77.13581323003208,266.0,892.4691465633654,1.0,5
815.3333333333333,77.1774378006901,266.0,892.5107711340233,1.0,5
