Staff Cost, Travel Cost, CO2, Total Cost, Car Use (%), Staff
944.6666666666666,138.78481305261028,368.1699661866659,1083.451479719277,0.7777777777777778,9
944.6666666666666,138.7408141326103,368.1699661866659,1083.407480799277,0.7777777777777778,9
944.6666666666666,138.80408269902222,368.1699661866659,1083.4707493656888,0.7777777777777778,9
944.6666666666666,138.7848130526103,368.1699661866659,1083.451479719277,0.7777777777777778,9
