Staff Cost, Travel Cost, CO2, Total Cost, Car Use (%), Staff
1945.6666666666665,177.00000000000003,221.49653810827004,2122.6666666666665,0.0,15
