Staff Cost, Travel Cost, CO2, Total Cost, Car Use (%), Staff
1629.3333333333333,153.4,209.36685029855948,1782.7333333333333,0.0,13
