Staff Cost, Travel Cost, CO2, Total Cost, Car Use (%), Staff
1521.0,129.79999999999998,187.03857646377574,1650.8,0.0,11
