Staff Cost, Travel Cost, CO2, Total Cost, Car Use (%), Staff
1682.3333333333333,129.79999999999998,170.59152450384286,1812.1333333333332,0.0,11
