Staff Cost, Travel Cost, CO2, Total Cost, Car Use (%), Staff
941.3333333333333,124.65061631372173,479.0,1065.983949647055,1.0,17
