Staff Cost, Travel Cost, CO2, Total Cost, Car Use (%), Staff
884.0,105.02414306204098,311.0,989.0241430620409,1.0,7
