Staff Cost, Travel Cost, CO2, Total Cost, Car Use (%), Staff
715.3333333333333,61.68363898112641,211.0,777.0169723144596,0.8333333333333334,6
