Staff Cost, Travel Cost, CO2, Total Cost, Car Use (%), Staff
1016.3333333333333,102.81358710028137,439.0,1119.1469204336147,1.0,20
