Staff Cost, Travel Cost, CO2, Total Cost, Car Use (%), Staff
1385.6666666666665,106.19999999999999,93.78147845932853,1491.8666666666666,0.0,9
