Staff Cost, Travel Cost, CO2, Total Cost, Car Use (%), Staff
756.3333333333333,68.35365960629075,256.0,824.686992939624,1.0,7
