Staff Cost, Travel Cost, CO2, Total Cost, Car Use (%), Staff
806.3333333333333,89.52350487817152,310.0,895.8568382115047,1.0,9
