Staff Cost, Travel Cost, CO2, Total Cost, Car Use (%), Staff
1267.3333333333333,94.39999999999999,70.98342926480292,1361.7333333333333,0.0,8
1265.6666666666665,94.39999999999999,70.98342926480292,1360.0666666666666,0.0,8
