Staff Cost, Travel Cost, CO2, Total Cost, Car Use (%), Staff
799.3333333333333,86.08944672413443,304.0,885.4227800574677,1.0,9
