Staff Cost, Travel Cost, CO2, Total Cost, Car Use (%), Staff
1358.3333333333333,117.99999999999999,95.74243938411583,1476.3333333333333,0.0,10
