Staff Cost, Travel Cost, CO2, Total Cost, Car Use (%), Staff
832.6666666666666,98.38229207884974,378.0,931.0489587455164,1.0,13
