Staff Cost, Travel Cost, CO2, Total Cost, Car Use (%), Staff
1815.0,301.4771935247496,915.0,2116.4771935247495,1.0,14
1815.0,301.3577372815496,915.0,2116.35773728155,1.0,14
