Staff Cost, Travel Cost, CO2, Total Cost, Car Use (%), Staff
1644.0,231.67407776584332,730.0,1875.6740777658433,1.0,10
