Staff Cost, Travel Cost, CO2, Total Cost, Car Use (%), Staff
3427.6666666666665,293.22124530274095,842.2972428703225,3720.8879119694075,0.08,25
3403.333333333333,295.5221424393336,841.7043551549995,3698.8554757726665,0.08,25
3434.6666666666665,297.10313453576725,841.0980303651787,3731.769801202434,0.07692307692307693,26
3425.6666666666665,292.45689480664925,850.2972428703225,3718.123561473316,0.11538461538461539,26
3424.6666666666665,294.0604457181707,841.8014490726384,3718.7271123848373,0.08,25
3410.333333333333,299.40403167235985,840.5051426498557,3709.737365005693,0.07692307692307693,26
3431.6666666666665,297.942334951197,840.6022365674946,3729.6090016178637,0.07692307692307693,26
