Staff Cost, Travel Cost, CO2, Total Cost, Car Use (%), Staff
2974.333333333333,212.40000000000006,596.2961706079932,3186.733333333333,0.0,18
