Staff Cost, Travel Cost, CO2, Total Cost, Car Use (%), Staff
3062.0,254.11567321856464,699.3750664272262,3316.1156732185646,0.047619047619047616,21
3096.333333333333,249.70057403369333,704.3673662312093,3346.0339073670266,0.047619047619047616,21
3085.333333333333,245.1885317948436,705.3673662312093,3330.5218651281766,0.047619047619047616,21
3102.333333333333,239.70261831563704,728.4261343735508,3342.0359516489702,0.05,20
3196.6666666666665,244.66848001605445,727.5795589081724,3441.3351466827207,0.047619047619047616,21
3197.0,244.66848001605445,727.5795589081724,3441.6684800160547,0.047619047619047616,21
