Staff Cost, Travel Cost, CO2, Total Cost, Car Use (%), Staff
3164.333333333333,247.8000000000001,700.8370640392766,3412.133333333333,0.0,21
