Staff Cost, Travel Cost, CO2, Total Cost, Car Use (%), Staff
2579.333333333333,448.1409760793967,1362.571099333038,3027.47430941273,0.9615384615384616,26
