Staff Cost, Travel Cost, CO2, Total Cost, Car Use (%), Staff
3064.0,224.20000000000007,603.7760782925499,3288.2000000000003,0.0,19
3063.333333333333,224.20000000000007,603.7760782925499,3287.5333333333333,0.0,19
